ID, First Name, Last Name, Email
1,John,Smith,john@gmail.com
2,Nikunj,Goswami,nik@gmail.com
"5,3",Mohit,Vaghela,mohit@gmail.com
4,Himalay,Goyani,him@gmail.com
5,Suresh,Bhal,suresh@gmail.com
6,Mukesh,Tall,mukesh@gmail.com
7,Anil,Ambani,anil@gmail.com
"8,3",Raghav,Juyal,raghav@gmail.com
9,Remo,D,remo@gmail.com
10,Sakti,Mohan,sakti@gmail.com
